{
  "recording_id": "handheld_2",
  "source_bag": "D:\\Documents\\depth_cotton_balls\\bags\\handheld_2.bag",
  "depth_scale": 0.0010000000474974513,
  "intrinsics": {
    "width": 1280,
    "height": 720,
    "fx": 917.798095703125,
    "fy": 918.0654907226562,
    "ppx": 645.5093383789062,
    "ppy": 354.95263671875,
    "model": "distortion.inverse_brown_conrady",
    "coeffs": [
      0.0,
      0.0,
      0.0,
      0.0,
      0.0
    ]
  },
  "stride": 10,
  "num_frames": 430,
  "frame_timestamps_ms": [
    1774638651525.4907,
    1774638651844.7842,
    1774638652161.7947,
    1774638652482.5532,
    1774638652802.6448,
    1774638653121.8145,
    1774638653435.782,
    1774638653744.4155,
    1774638654076.8154,
    1774638654410.82,
    1774638654744.5532,
    1774638655075.3196,
    1774638655404.8154,
    1774638655733.1982,
    1774638656065.8367,
    1774638656398.697,
    1774638656731.459,
    1774638657064.67,
    1774638657397.9019,
    1774638657731.1243,
    1774638658064.2314,
    1774638658397.2754,
    1774638658730.2725,
    1774638659063.8484,
    1774638659397.6677,
    1774638659731.5598,
    1774638660065.1301,
    1774638660398.613,
    1774638660732.101,
    1774638661065.7615,
    1774638661399.5037,
    1774638661699.9087,
    1774638662033.7092,
    1774638662367.5544,
    1774638662701.4546,
    1774638663035.3755,
    1774638663369.4905,
    1774638663703.699,
    1774638664037.5835,
    1774638664371.211,
    1774638664704.8418,
    1774638665038.4673,
    1774638665372.0903,
    1774638665705.7163,
    1774638666039.2988,
    1774638666372.849,
    1774638666706.3965,
    1774638667039.9622,
    1774638667373.5408,
    1774638667707.1191,
    1774638668040.6848,
    1774638668374.2405,
    1774638668707.794,
    1774638669041.3616,
    1774638669374.939,
    1774638669708.5164,
    1774638670042.0884,
    1774638670375.6543,
    1774638670709.2202,
    1774638671042.7815,
    1774638671376.3384,
    1774638671709.894,
    1774638672043.4673,
    1774638672377.0605,
    1774638672710.6562,
    1774638673044.2258,
    1774638673377.7644,
    1774638673711.2993,
    1774638674044.857,
    1774638674378.4395,
    1774638674712.0217,
    1774638675045.5916,
    1774638675379.1477,
    1774638675712.7021,
    1774638676046.261,
    1774638676379.821,
    1774638676713.3796,
    1774638677046.9495,
    1774638677380.539,
    1774638677714.1294,
    1774638678047.725,
    1774638678381.3293,
    1774638678714.9355,
    1774638679048.5386,
    1774638679382.1438,
    1774638679715.7507,
    1774638680049.3547,
    1774638680382.9507,
    1774638680716.5486,
    1774638681050.1418,
    1774638681383.7195,
    1774638681717.2986,
    1774638682050.88,
    1774638682384.4668,
    1774638682718.054,
    1774638683051.642,
    1774638683385.2449,
    1774638683718.8494,
    1774638684052.4556,
    1774638684386.063,
    1774638684719.6724,
    1774638685053.277,
    1774638685386.826,
    1774638685720.3735,
    1774638686053.9233,
    1774638686387.501,
    1774638686721.0784,
    1774638687054.656,
    1774638687388.2192,
    1774638687721.781,
    1774638688055.3408,
    1774638688388.921,
    1774638688722.5007,
    1774638689056.0803,
    1774638689389.6667,
    1774638689723.253,
    1774638690056.8389,
    1774638690390.3916,
    1774638690723.9402,
    1774638691057.487,
    1774638691391.0283,
    1774638691724.5662,
    1774638692058.1008,
    1774638692391.674,
    1774638692725.2507,
    1774638693058.8271,
    1774638693392.745,
    1774638693726.8274,
    1774638694060.94,
    1774638694394.6338,
    1774638694728.1497,
    1774638695061.6614,
    1774638695395.191,
    1774638695728.7263,
    1774638696062.259,
    1774638696395.7937,
    1774638696729.3264,
    1774638697062.8557,
    1774638697396.3762,
    1774638697729.8896,
    1774638698063.3975,
    1774638698396.9424,
    1774638698730.5012,
    1774638699064.058,
    1774638699397.6235,
    1774638699731.1912,
    1774638700064.7573,
    1774638700398.3193,
    1774638700731.8787,
    1774638701065.4368,
    1774638701399.0002,
    1774638701732.5615,
    1774638702066.1196,
    1774638702399.6545,
    1774638702733.1733,
    1774638703066.6875,
    1774638703400.198,
    1774638703733.7036,
    1774638704067.2036,
    1774638704400.7239,
    1774638704734.2551,
    1774638705067.7825,
    1774638705401.3298,
    1774638705734.8884,
    1774638706068.4453,
    1774638706401.971,
    1774638706735.464,
    1774638707068.9502,
    1774638707402.4636,
    1774638707736.0015,
    1774638708069.535,
    1774638708403.0942,
    1774638708736.6814,
    1774638709070.2683,
    1774638709403.9133,
    1774638709737.6565,
    1774638710071.4265,
    1774638710405.107,
    1774638710738.6768,
    1774638711072.2454,
    1774638711405.828,
    1774638711706.066,
    1774638712039.664,
    1774638712373.254,
    1774638712706.8284,
    1774638713040.4023,
    1774638713373.981,
    1774638713707.5718,
    1774638714041.1628,
    1774638714374.758,
    1774638714708.4778,
    1774638715042.2065,
    1774638715375.929,
    1774638715709.52,
    1774638716043.112,
    1774638716376.7,
    1774638716710.239,
    1774638717043.7754,
    1774638717377.316,
    1774638717710.9187,
    1774638718044.524,
    1774638718378.1296,
    1774638718711.671,
    1774638719045.2085,
    1774638719378.7432,
    1774638719712.2754,
    1774638720045.8037,
    1774638720379.3276,
    1774638720712.894,
    1774638721046.4587,
    1774638721380.022,
    1774638721713.5852,
    1774638722047.1455,
    1774638722380.7046,
    1774638722714.856,
    1774638723049.1921,
    1774638723383.5718,
    1774638723717.2478,
    1774638724050.7375,
    1774638724384.2205,
    1774638724717.7212,
    1774638725051.223,
    1774638725384.7195,
    1774638725718.217,
    1774638726051.6836,
    1774638726385.1404,
    1774638726718.624,
    1774638727052.116,
    1774638727385.6008,
    1774638727719.3264,
    1774638728053.2766,
    1774638728387.2478,
    1774638728720.9626,
    1774638729054.3962,
    1774638729387.818,
    1774638729721.2554,
    1774638730054.661,
    1774638730388.0542,
    1774638730721.491,
    1774638731055.0098,
    1774638731388.527,
    1774638731722.026,
    1774638732055.4934,
    1774638732388.9521,
    1774638732722.412,
    1774638733055.8757,
    1774638733389.3293,
    1774638733722.7947,
    1774638734056.258,
    1774638734389.7126,
    1774638734723.361,
    1774638735057.8118,
    1774638735392.3127,
    1774638735726.6182,
    1774638736059.9485,
    1774638736393.2583,
    1774638736726.5886,
    1774638737059.9458,
    1774638737393.285,
    1774638737726.6108,
    1774638738059.9568,
    1774638738393.284,
    1774638738726.6416,
    1774638739060.4377,
    1774638739394.2693,
    1774638739728.0928,
    1774638740061.5627,
    1774638740395.023,
    1774638740728.475,
    1774638741061.9243,
    1774638741395.3628,
    1774638741728.7966,
    1774638742062.2656,
    1774638742395.7253,
    1774638742729.178,
    1774638743062.6416,
    1774638743396.0955,
    1774638743729.5654,
    1774638744063.2693,
    1774638744396.9934,
    1774638744730.718,
    1774638745064.2117,
    1774638745397.6982,
    1774638745731.1787,
    1774638746064.63,
    1774638746398.0698,
    1774638746731.4985,
    1774638747065.0,
    1774638747398.4944,
    1774638747731.9817,
    1774638748065.4495,
    1774638748398.9026,
    1774638748732.3464,
    1774638749065.8057,
    1774638749399.2578,
    1774638749732.701,
    1774638750066.202,
    1774638750399.701,
    1774638750733.193,
    1774638751067.2017,
    1774638751401.3108,
    1774638751735.482,
    1774638752069.102,
    1774638752402.6777,
    1774638752736.2522,
    1774638753069.8657,
    1774638753403.484,
    1774638753737.104,
    1774638754070.6963,
    1774638754404.2874,
    1774638754737.8782,
    1774638755071.4365,
    1774638755404.9868,
    1774638755738.5347,
    1774638756072.1042,
