{
  "recording_id": "handheld_1",
  "source_bag": "D:\\Documents\\depth_cotton_balls\\bags\\handheld_1.bag",
  "depth_scale": 0.0010000000474974513,
  "intrinsics": {
    "width": 1280,
    "height": 720,
    "fx": 917.798095703125,
    "fy": 918.0654907226562,
    "ppx": 645.5093383789062,
    "ppy": 354.95263671875,
    "model": "distortion.inverse_brown_conrady",
    "coeffs": [
      0.0,
      0.0,
      0.0,
      0.0,
      0.0
    ]
  },
  "stride": 10,
  "num_frames": 300,
  "frame_timestamps_ms": [
    1774638384564.352,
    1774638384919.1472,
    1774638385272.2388,
    1774638385619.4402,
    1774638385958.603,
    1774638386292.6277,
    1774638386621.294,
    1774638386944.5767,
    1774638387278.6772,
    1774638387612.6667,
    1774638387945.422,
    1774638388276.2278,
    1774638388605.1738,
    1774638388932.4082,
    1774638389262.3147,
    1774638389592.2908,
    1774638389921.3474,
    1774638390253.382,
    1774638390586.1401,
    1774638390918.7388,
    1774638391252.0427,
    1774638391585.5652,
    1774638391919.0935,
    1774638392252.641,
    1774638392586.2039,
    1774638392919.7756,
    1774638393253.5276,
    1774638393587.4106,
    1774638393921.3591,
    1774638394255.0437,
    1774638394588.5999,
    1774638394922.1567,
    1774638395255.7112,
    1774638395589.2632,
    1774638395922.8142,
    1774638396256.54,
    1774638396590.3794,
    1774638396924.263,
    1774638397257.9675,
    1774638397591.5872,
    1774638397925.2107,
    1774638398258.7886,
    1774638398592.34,
    1774638398925.8892,
    1774638399259.4585,
    1774638399593.042,
    1774638399926.6255,
    1774638400260.2136,
    1774638400593.8062,
    1774638400927.4,
    1774638401260.9824,
    1774638401594.5571,
    1774638401928.1326,
    1774638402261.71,
    1774638402595.2878,
    1774638402928.8652,
    1774638403262.453,
    1774638403596.0518,
    1774638403929.6519,
    1774638404263.2288,
    1774638404596.7732,
    1774638404930.3152,
    1774638405263.8733,
    1774638405597.4583,
    1774638405931.0437,
    1774638406264.622,
    1774638406598.188,
    1774638406931.753,
    1774638407265.3167,
    1774638407598.879,
    1774638407932.4402,
    1774638408266.0125,
    1774638408599.6077,
    1774638408933.204,
    1774638409266.7927,
    1774638409600.3599,
    1774638409933.9258,
    1774638410267.4934,
    1774638410601.064,
    1774638410934.6338,
    1774638411268.2075,
    1774638411601.8,
    1774638411935.3933,
    1774638412268.9822,
    1774638412602.541,
    1774638412936.0986,
    1774638413269.6587,
    1774638413603.2517,
    1774638413936.8464,
    1774638414270.4421,
    1774638414604.03,
    1774638414937.6182,
    1774638415271.2073,
    1774638415604.8064,
    1774638415938.4075,
    1774638416272.0076,
    1774638416605.6162,
    1774638416939.227,
    1774638417272.8398,
    1774638417606.3887,
    1774638417939.935,
    1774638418273.4792,
    1774638418607.0784,
    1774638418940.6787,
    1774638419274.2808,
    1774638419607.851,
    1774638419941.4207,
    1774638420274.9902,
    1774638420608.5767,
    1774638420942.1643,
    1774638421275.7517,
    1774638421609.328,
    1774638421942.9023,
    1774638422276.4768,
    1774638422610.024,
    1774638422943.5657,
    1774638423277.1047,
    1774638423610.6558,
    1774638423944.2026,
    1774638424277.7468,
    1774638424611.298,
    1774638424944.8503,
    1774638425278.4014,
    1774638425611.972,
    1774638425945.5476,
    1774638426279.1228,
    1774638426612.718,
    1774638426946.3196,
    1774638427279.9226,
    1774638427613.5232,
    1774638427947.125,
    1774638428280.7288,
    1774638428614.3174,
    1774638428947.902,
    1774638429281.4863,
    1774638429615.0825,
    1774638429948.683,
    1774638430282.2847,
    1774638430615.8623,
    1774638430949.4338,
    1774638431283.0054,
    1774638431616.588,
    1774638431950.174,
    1774638432283.7612,
    1774638432617.3667,
    1774638432950.9836,
    1774638433284.6038,
    1774638433618.204,
    1774638433951.7954,
    1774638434285.3867,
    1774638434619.04,
    1774638434952.7258,
    1774638435286.4187,
    1774638435620.021,
    1774638435953.581,
    1774638436287.139,
    1774638436620.708,
    1774638436954.2827,
    1774638437287.8574,
    1774638437621.4563,
    1774638437955.0664,
    1774638438288.6782,
    1774638438622.2751,
    1774638438955.865,
    1774638439289.454,
    1774638439623.0276,
    1774638439956.5881,
    1774638440290.1465,
    1774638440623.683,
    1774638440957.2021,
    1774638441290.716,
    1774638441624.2544,
    1774638441957.8098,
    1774638442291.363,
    1774638442624.9119,
    1774638442958.457,
    1774638443292.0002,
    1774638443625.5605,
    1774638443959.133,
    1774638444292.7048,
    1774638444626.2756,
    1774638444959.8452,
    1774638445293.4146,
    1774638445626.9773,
    1774638445960.5356,
    1774638446294.0928,
    1774638446627.633,
    1774638446961.1597,
    1774638447294.682,
    1774638447628.2112,
    1774638447961.7378,
    1774638448295.261,
    1774638448628.817,
    1774638448962.409,
    1774638449296.0022,
    1774638449629.583,
    1774638449963.15,
    1774638450296.7166,
    1774638450630.3193,
    1774638450963.9639,
    1774638451297.6152,
    1774638451631.2234,
    1774638451964.7788,
    1774638452298.3328,
    1774638452631.8823,
    1774638452965.4248,
    1774638453298.9648,
    1774638453632.535,
    1774638453966.1548,
    1774638454299.7788,
    1774638454633.7207,
    1774638454968.4626,
    1774638455303.277,
    1774638455637.743,
    1774638455971.2573,
    1774638456304.7659,
    1774638456638.2603,
    1774638456971.7246,
    1774638457305.1792,
    1774638457638.6348,
    1774638457972.104,
    1774638458305.5645,
    1774638458639.0159,
    1774638458972.4539,
    1774638459305.8804,
    1774638459639.3032,
    1774638459972.731,
    1774638460306.1477,
    1774638460639.5938,
    1774638460973.0876,
    1774638461306.5742,
    1774638461640.0479,
    1774638461973.4883,
    1774638462306.9177,
    1774638462640.3416,
    1774638462973.774,
    1774638463307.194,
    1774638463640.618,
    1774638463974.092,
    1774638464307.5564,
    1774638464641.0242,
    1774638464974.4958,
    1774638465307.9595,
    1774638465641.4175,
    1774638465974.8887,
    1774638466308.3508,
    1774638466641.8086,
    1774638466975.3008,
    1774638467308.7864,
    1774638467642.265,
    1774638467975.7327,
    1774638468309.191,
    1774638468642.645,
    1774638468977.1375,
    1774638469311.6833,
    1774638469646.2803,
    1774638469979.638,
    1774638470312.9778,
    1774638470646.3005,
    1774638470980.2979,
    1774638471314.3564,
    1774638471648.4749,
    1774638471981.9995,
    1774638472315.5198,
    1774638472649.0361,
    1774638472982.5913,
    1774638473316.1333,
    1774638473649.6714,
    1774638473983.182,
    1774638474316.6829,
    1774638474650.1772,
    1774638474983.6584,
    1774638475317.13,
    1774638475650.592,
    1774638475984.0757,
    1774638476317.5525,
    1774638476651.0195,
    1774638476984.55,
    1774638477318.0837,
    1774638477651.613,
    1774638477985.041,
    1774638478318.445,
    1774638478651.8354,
    1774638478985.2976,
    1774638479318.7456,
    1774638479652.1824,
    1774638479985.664,
    1774638480319.1516,
    1774638480652.6316,
    1774638480986.1,
    1774638481319.5574,
    1774638481653.0044,
    1774638481986.452,
    1774638482319.8906,
    1774638482653.3186,
    1774638482986.786,
    1774638483320.2517,
    1774638483653.7085,
    1774638483987.1763,
    1774638484320.6433
  ],
  "depth_units": "uint16, multiply by depth_scale to get meters",
  "depth_alignment": "depth aligned to color (use color intrinsics)"
}